,product_name,item_number,listed_price,price_per_serving,brand,rating,number_reviews,recommended_yes,recommended_no,type
0,Fit 100% Premium Whey Protein - Chocolate (2.2 Lbs. / 33 Servings),WBE0023/2197168,39.99,1.21,Women's Best,4.4,7.0,5.0,1.0,Whey
1,ISO100 Hydrolyzed 100% Whey Protein Isolate - Fruity Pebbles (1.6 Lbs. / 24 Servings),D4-1184/2201317,31.19,1.29,Dymatize Nutrition,4.9,27.0,22.0,,Whey
2,Gold Standard 100% Whey Protein - Double Rich Chocolate (2 Lbs. / 29 Servings),OP-1009/1629500,29.99,1.03,Optimum Nutrition,4.4,63.0,33.0,4.0,Whey
3,Gold Standard 100% Whey Protein - Extreme Milk Chocolate (5 Lbs. / 71 Servings),OP-2057/1988021,58.64,0.82,Optimum Nutrition,4.3,23.0,16.0,2.0,Whey
4,ISO100 Hydrolyzed 100% Whey Protein Isolate - Fruity Pebbles (5 Lbs. / 76 Servings),D4-1186/2201366,76.99,1.01,Dymatize Nutrition,4.9,12.0,10.0,,Whey
5,Fit 100% Premium Whey Protein - Vanilla (2.2 Lbs. / 33 Servings),WBE0024/2197192,39.99,1.21,Women's Best,4.9,10.0,10.0,,Whey
6,Gold Standard 100% Whey Protein - Vanilla Ice Cream (5 Lbs. / 73 Servings),OP-1012/1629534,58.64,0.83,Optimum Nutrition,4.5,84.0,45.0,4.0,Whey
7,ISO100 Hydrolyzed 100% Whey Protein Isolate - Fruity Pebbles (3 Lbs. / 46 Servings),D4-1185/2201358,49.99,1.08,Dymatize Nutrition,4.7,12.0,10.0,1.0,Whey
8,Whey Tech Pro 24 Whey Protein Isolate & Concentrate Powder - Vanilla Ice Cream (5 Lbs. / 75 Servings),VS-2541/1655158,49.99,0.66,BodyTech,3.6,59.0,30.0,14.0,Whey
9,Whey Protein Isolate - Fruity Cereal (1.5 Lbs. / 23 Servings),VS-1895/2161842,27.99,1.21,BodyTech,4.0,25.0,12.0,6.0,Whey
10,Low Carb 100% Whey Protein Isolate - Dutch Chocolate (21 Servings),NP-1099/1282268,39.99,1.9,Isopure,4.6,62.0,38.0,5.0,Whey
11,Gold Standard 100% Whey Protein - Vanilla Ice Cream (2 Lbs. / 29 Servings),OP-1008/1629476,29.99,1.03,Optimum Nutrition,4.5,56.0,32.0,4.0,Whey
12,ISO100 Hydrolyzed 100% Whey Protein Isolate - Gourmet Vanilla (1.6 Lbs. / 24 Servings),D4-1055/1795178,31.19,1.29,Dymatize Nutrition,3.6,18.0,8.0,7.0,Whey
13,ISO100 Hydrolyzed 100% Whey Protein Isolate - Gourmet Chocolate (3 Lbs. / 43 Servings),D4-1062/1795244,49.99,1.16,Dymatize Nutrition,4.5,23.0,17.0,3.0,Whey
14,Whey Protein Powder - Rich Chocolate (5 Lbs. / 91 Servings),VS-2269/1565605,39.99,0.43,BodyTech,4.0,72.0,33.0,9.0,Whey
15,ISO100 Hydrolyzed 100% Whey Protein Isolate - Cookies & Cream (1.6 Lbs. / 24 Servings),D4-1058/1795202,31.19,1.29,Dymatize Nutrition,4.7,14.0,13.0,,Whey
16,ISO100 Hydrolyzed 100% Whey Protein Isolate - Chocolate Peanut Butter (3 Lbs. / 43 Servings),D4-1164/2149235,49.99,1.16,Dymatize Nutrition,5.0,10.0,6.0,,Whey
17,ISO100 Hydrolyzed 100% Whey Protein Isolate - Birthday Cake (1.6 Lbs. / 24 Servings),D4-1131/2001758,31.99,1.33,Dymatize Nutrition,3.9,23.0,12.0,6.0,Whey
18,Zero Carb 100% Whey Protein Isolate - Cookies & Cream (21 servings),NP-1065/1652411,39.99,1.9,Isopure,4.5,36.0,23.0,2.0,Whey
19,ISO100 Hydrolyzed 100% Whey Protein Isolate - Gourmet Vanilla (5 Lbs. / 76 Servings),D4-3005/1835651,76.99,1.01,Dymatize Nutrition,4.7,13.0,7.0,1.0,Whey
20,Natural Whey Protein NSF Certified - Chocolate (37 Servings),VS-6007/1774405,23.99,0.64,True Athlete,3.5,40.0,23.0,14.0,Whey
21,Gold Standard 100% Whey Protein - Chocolate Peanut Butter (2 Lbs. / 27 Servings),OP-3030/2157154,29.99,1.11,Optimum Nutrition,3.4,5.0,2.0,,Whey
22,Gold Standard 100% Whey Protein - Chocolate Hazelnut (2 Lbs. / 27 Servings),OP-3031/2161024,29.99,1.11,Optimum Nutrition,2.6,5.0,4.0,1.0,Whey
23,Gold Standard 100% Whey Protein - French Vanilla Crme (5 Lbs. / 73 Servings),OP-2058/1988039,58.64,0.8,Optimum Nutrition,4.8,17.0,12.0,,Whey
24,ISO100 Hydrolyzed 100% Whey Protein Isolate - Fudge Brownie (1.6 Lbs. / 23 Servings),D4-1132/2001782,31.19,1.35,Dymatize Nutrition,4.0,17.0,10.0,3.0,Whey
25,Whey Tech Pro 24 Whey Protein Isolate & Concentrate Powder - Rich Chocolate (2 Lbs. / 28 Servings),VS-2542/1655232,27.99,0.99,BodyTech,3.8,46.0,23.0,8.0,Whey
26,ISO100 Hydrolyzed 100% Whey Protein Isolate - Orange Dreamsicle (1.6 Lbs. / 24 Servings),D4-3010/2071934,31.19,1.29,Dymatize Nutrition,4.8,11.0,10.0,,Whey
27,Whey Protein Isolate - Rich Chocolate (1.5 Lbs. / 21 Servings),VS-2531/2000305,27.99,1.33,BodyTech,3.4,12.0,7.0,3.0,Whey
28,Whey Protein Isolate Powder - Rich Chocolate (5 Lbs. / 71 Servings),VS-2759/2119121,69.99,0.98,BodyTech,3.9,11.0,7.0,2.0,Whey
29,Infusions 100% Whey Protein Isolate - Citrus Lemonade (16 Servings),NP-1402/2159648,22.39,1.39,Isopure,4.1,14.0,10.0,1.0,Whey
30,Zero Carb 100% Whey Protein Isolate - Vanilla Salted Caramel (42 servings),NP-7138/2151546,39.99,0.95,Isopure,4.9,10.0,7.0,,Whey
31,ISO100 Hydrolyzed 100% Whey Protein Isolate - Peanut Butter (1.6 Lbs. / 23 Servings),D4-1223/2119816,31.19,1.35,Dymatize Nutrition,4.9,11.0,9.0,,Whey
32,ISO100 Hydrolyzed 100% Whey Protein Isolate - Cookies & Cream (3 Lbs. / 45 Servings),D4-1107/1965391,49.99,1.11,Dymatize Nutrition,4.9,8.0,7.0,,Whey
33,Whey Tech Pro 24 Whey Protein Isolate & Concentrate - Cookies & Cream (5 Lbs. / 73 Servings),VS-2557/1989805,49.99,0.68,BodyTech,3.8,16.0,9.0,4.0,Whey
34,ISO100 Hydrolyzed 100% Whey Protein Isolate - Fudge Brownie (3 Lbs. / 43 Servings),D4-1140/2050722,49.99,1.16,Dymatize Nutrition,5.0,8.0,7.0,,Whey
35,Isopure Low Carb Protein Powder - Chocolate Peanut Butter (3 Lbs. / 40 servings),NP-1409/2173953,39.99,0.99,Isopure,4.2,5.0,4.0,1.0,Whey
36,Whey Tech Pro 24 Whey Protein Isolate & Concentrate - Birthday Cake (2 Lbs. / 27 Servings),VS-3584/2115558,27.99,1.03,BodyTech,4.6,15.0,12.0,,Whey
37,Whey Tech Pro 24 Whey Protein - Banana Creme (5 Lbs. / 75 Servings),VS-2545/1655224,49.99,0.66,BodyTech,3.6,36.0,16.0,11.0,Whey
38,Whey Tech Pro 24 Whey Protein Isolate & Concentrate Powder - Strawberry Shortcake (5 Lbs. / 73 Servings),VS-2554/1989789,49.99,0.68,BodyTech,3.5,46.0,25.0,13.0,Whey
39,Natural Whey Protein NSF Certified - Vanilla (40 Servings),VS-6005/1774421,23.99,0.61,True Athlete,3.9,36.0,20.0,5.0,Whey
40,Natural Whey Protein NSF Certified - Unflavored (24 Servings),VS-6003/2000511,15.99,0.66,True Athlete,3.7,9.0,6.0,2.0,Whey
41,Whey Protein Isolate - Chocolate Peanut Butter (1.5 Lbs. / 19 Servings),VS-3211/2182863,27.99,1.47,BodyTech,2.8,5.0,2.0,3.0,Whey
42,Infusions 100% Whey Protein Isolate - Tropical Punch (16 Servings),NP-1403/2159655,22.39,1.39,Isopure,3.8,11.0,6.0,2.0,Whey
43,Whey Protein Isolate Powder - Rich Chocolate (3 Lbs. / 43 Servings),VS-2534/2000313,45.99,1.06,BodyTech,4.2,21.0,12.0,3.0,Whey
44,Whey Protein Isolate - French Vanilla (1.5 Lbs. / 23 Servings),VS-2529/2000271,27.99,1.21,BodyTech,3.2,9.0,4.0,3.0,Whey
45,Fit 100% Premium Whey Protein - Salted Caramel (2.2 Lbs. / 33 Servings),WBE0025/2197218,39.99,1.21,Women's Best,5.0,5.0,4.0,,Whey
46,Whey Protein Isolate Powder - French Vanilla (5 Lbs. / 78 Servings),VS-0170/2119287,69.99,0.89,BodyTech,4.8,8.0,6.0,1.0,Whey
47,Whey Tech Pro 24 Whey Protein Isolate & Concentrate - Chocolate Mint (5 Lbs. / 71 Servings),VS-2547/1655182,49.99,0.7,BodyTech,4.4,41.0,30.0,3.0,Whey
48,Whey Protein Isolate - Salted Caramel (1.5 Lbs. / 22 Servings),VS-3707/2169225,27.99,1.27,BodyTech,5.0,5.0,3.0,,Whey
49,ISO100 Hydrolyzed 100% Whey Protein Isolate - Peanut Butter (3 Lbs. / 43 Servings),D4-4007/2147809,49.99,1.16,Dymatize Nutrition,4.9,8.0,5.0,,Whey
50,Gold Standard 100% Whey Protein - Cookies Creme (4.63 Lbs. / 68 Servings),OP-1014/1629559,58.64,0.86,Optimum Nutrition,4.0,44.0,9.0,7.0,Whey
51,Whey Tech Pro 24 Whey Protein Isolate & Concentrate Powder - Vanilla Ice Cream (2 Lbs. / 30 Servings),VS-2540/1655166,27.99,0.93,BodyTech,3.5,17.0,9.0,5.0,Whey
52,Platinum Hydro Whey Protein Isolates - Turbo Chocolate (3.5 Lbs. / 40 Servings),OP-1058/1737287,69.99,1.74,Optimum Nutrition,4.8,28.0,16.0,,Whey
53,Gold Standard 100% Whey Protein - Chocolate Malt (5 Lbs. / 73 Servings),OP-2055/1988005,58.64,0.8,Optimum Nutrition,5.0,6.0,4.0,,Whey
54,Whey Protein Isolate Powder - French Vanilla (3 Lbs. / 47 Servings),VS-2530/2000297,45.99,0.97,BodyTech,3.3,19.0,12.0,6.0,Whey
55,Whey Protein Isolate - Oranges & Cream (1.5 Lbs. / 22 Servings),VS-3706/2169217,27.99,1.27,BodyTech,4.7,13.0,10.0,1.0,Whey
56,Low Carb 100% Whey Protein Isolate - Dark Chocolate (1 lb. / 14 servings),NP-1410/2173995,17.59,1.25,Isopure,4.0,4.0,3.0,1.0,Whey
57,Molk Protein Blend Grass Fed - Strawberry (2Lbs. / 31 Servings),JKO0012/2199446,44.99,1.45,JOCKO FUEL,4.8,9.0,8.0,,Whey
58,Low Carb 100% Whey Protein Isolate - Dutch Chocolate (7 servings),NP-1311/2143451,17.59,2.51,Isopure,4.2,6.0,3.0,1.0,Whey
59,Nitro Tech 100% Whey Isolate + Lean Muscle Builder - Milk Chocolate (50 Servings),ME-2195/1800994,59.99,1.19,Muscletech,4.8,53.0,45.0,1.0,Whey
60,Whey Protein Isolate - Peanut Butter (1.5 Lbs. / 21 Servings),VS-3708/2182871,27.99,1.33,BodyTech,4.3,6.0,5.0,1.0,Whey
61,Molk Protein Blend Grass Fed - Chocolate (2Lbs. / 31 Servings),JKO0006/2193134,44.99,1.45,JOCKO FUEL,4.0,4.0,2.0,1.0,Whey
62,Whey Protein Isolate - Strawberry Banana (1.5 Lbs. / 22 Servings),VS-2819/2047629,27.99,1.27,BodyTech,4.0,7.0,4.0,2.0,Whey
63,Natural Whey Protein Isolate NSF Certified - Vanilla (23 Servings),VS-6051/2127066,22.39,1.06,True Athlete,3.6,5.0,4.0,,Whey
64,Whey Protein Isolate - Vanilla (76 Servings),J1-1010/1652999,129.99,1.71,Jay Robb Enterprises,4.6,12.0,8.0,,Whey
65,Whey Tech Pro 24 Whey Protein Isolate & Concentrate - Red Velvet (2 Lbs. / 27 Servings),VS-0155/2086155,20.97,0.77,BodyTech,4.8,15.0,14.0,,Whey
66,Whey Protein - Rich Chocolate (2 Lbs. / 36 Servings),VS-2057/1320748,19.99,0.55,BodyTech,3.9,13.0,8.0,3.0,Whey
67,Grass-Fed Organic Whey Protein - Chocolate Cacao (14.03 oz. / 12 Servings),GU-1555/2132066,34.99,2.91,Garden of Life,4.6,5.0,1.0,,Whey
68,Re-Kaged Anabolic Protein - Orange Cream (20 Servings),KGM1007/2120236,39.99,1.99,Kaged Muscle,4.9,774.0,42.0,1.0,Whey
69,Whey Tech Pro 24 Whey Protein Isolate & Concentrate - Chocolate Mint (2 Lbs. / 28 Servings),VS-2546/1655190,27.99,0.99,BodyTech,4.2,17.0,12.0,1.0,Whey
70,Micropure Whey Protein Isolate - Vanilla (3 Lbs. / 45 Servings),KGM1023/2156263,44.99,0.99,Kaged Muscle,5.0,7.0,2.0,,Whey
71,Natural Whey Protein NSF Certified - Strawberry (24 Servings),VS-6008/2000396,15.99,0.66,True Athlete,3.3,9.0,4.0,3.0,Whey
72,Natural Whey Protein NSF Certified - Chocolate (22 Servings),VS-6006/1774397,15.99,0.72,True Athlete,4.2,11.0,8.0,3.0,Whey
73,Re-Kaged Anabolic Protein - Strawberry Lemonade (20 Servings),KGM1008/2120244,39.99,1.99,Kaged Muscle,4.5,10.0,6.0,1.0,Whey
74,Nitro Tech 100% Whey Gold Protein Peptides & Isolate - Double Rich Chocolate (31 Servings),ME-2255/2089944,31.99,1.03,Muscletech,4.8,55.0,51.0,1.0,Whey
75,Rivalwhey 100% Whey Protein Isolate - Chocolate (75 Servings),RVL1022/2090389,54.99,0.7,Rivalus,4.3,6.0,5.0,,Whey
76,Micropure Whey Protein Isolate - Cinnamon Roll (39 Servings),KGM1027/2163863,44.99,1.15,Kaged Muscle,4.8,284.0,75.0,,Whey
77,Gold Standard 100% Hydrolyzed and Ultra-Filtered Whey Protein Isolate - Chocolate Bliss (3 Lbs. / 44 Servings),OP-4007/2159978,54.48,1.23,Optimum Nutrition,4.6,14.0,9.0,1.0,Whey
78,ISO100 Hydrolyzed 100% Whey Protein Isolate - Natural Vanilla (1.6 Lbs. / 24 Servings),D4-1070/2119964,31.19,1.29,Dymatize Nutrition,4.1,16.0,11.0,3.0,Whey
79,ISO100 Hydrolyzed 100% Whey Protein Isolate - Gourmet Chocolate (5 Lbs. / 71 Servings),D4-3004/1835644,76.99,1.08,Dymatize Nutrition,4.3,10.0,5.0,1.0,Whey
80,ISO100 Hydrolyzed 100% Whey Protein Isolate - Fudge Brownie (5 Lbs. / 71 Servings),D4-1162/2102861,76.99,1.08,Dymatize Nutrition,4.6,21.0,11.0,2.0,Whey
81,Zero Carb 100% Whey Protein Isolate - Strawberries & Cream (22 servings),NP-1100/1282278,39.99,1.81,Isopure,4.0,33.0,15.0,8.0,Whey
82,Zero Carb 100% Whey Protein Isolate - Mango Peach (22 servings),NP-1142/1606128,39.99,1.81,Isopure,3.9,20.0,10.0,6.0,Whey
83,Natural Whey Protein Isolate NSF Certified - Chocolate (21 Servings),VS-6050/2127058,22.39,1.06,True Athlete,3.6,5.0,1.0,1.0,Whey
84,Elite 100% Whey Protein - Rich Chocolate (5 Lbs. / 63 Servings),D4-1006/1652346,54.99,0.87,Dymatize Nutrition,3.7,50.0,15.0,9.0,Whey
85,Native Pro100 100% Native Whey Protein Isolate - Pure Chocolate (35 Servings),RVL1010/2085694,49.99,1.42,Rivalus,5.0,4.0,3.0,,Whey
86,Planta Plant Protein - Banana Maple French Toast (1.67 Lbs. / 25 Servings),AMC0004/2205391,49.99,1.99,Ambrosia Collective,4.6,9.0,6.0,,Plant Based
87,Vegan Plant-Based Protein - Vanilla (2 Lbs. / 30 Servings),WBE0012/2196897,44.99,1.49,Women's Best,3.8,12.0,6.0,3.0,Plant Based
88,Raw Meal Organic Shake & Meal Replacement - Vanilla (34.2 oz. / 28 Servings),GU-7028/1799022,45.49,1.62,Garden of Life,4.6,140.0,57.0,8.0,Plant Based
89,Raw Organic Plant Protein - Vanilla (22 oz. / 20 Servings),GU-7030/1799055,35.99,1.79,Garden of Life,4.5,132.0,46.0,10.0,Plant Based
90,Sport Organic Plant Based Protein - Vanilla (1 Lb. 12 oz. / 38 Servings),GU-1333/2103067,39.89,1.04,Garden of Life,4.7,54.0,17.0,1.0,Plant Based
91,Vegan Plant-Based Protein - Cookies & Cream (2 Lbs. / 30 Servings),WBE0013/2196905,44.99,1.49,Women's Best,4.5,6.0,4.0,,Plant Based
92,So Lean & So Clean Organic Plant-Based Superfood Protein - Vanilla (20 Servings),OOC1006/2157519,30.39,1.51,Ora Organic,4.2,33.0,4.0,1.0,Plant Based
93,Sport Premium Plant Based Protein Helps Build Muscle & Supports Recovery - Vanilla (1.13 Lbs. / 20 Servings),EQ-1142/2057909,44.99,2.24,Vega,3.7,21.0,12.0,7.0,Plant Based
94,Raw Organic Plant Protein - Chocolate (1 Lb. 7.28 oz. / 20 Servings),GU-7031/1799063,35.99,1.79,Garden of Life,4.2,97.0,28.0,17.0,Plant Based
95,Warrior Blend Organic Non-GMO Plant-Based Vegan Protein - Vanilla (15 Servings),W4-1044/2123867,19.19,1.27,SunWarrior,4.9,7.0,4.0,,Plant Based
96,Meal Replacement Plant Protein - Chocolate (28 Servings),VS-3332/2022556,39.99,1.42,plnt,4.4,28.0,21.0,2.0,Plant Based
97,Sport Premium Plant Based Protein Helps Build Muscle & Supports Recovery - Chocolate (1.14 Lbs. / 20 Servings),EQ-1143/2057917,44.99,2.36,Vega,4.2,18.0,12.0,3.0,Plant Based
98,Keto Friendly Plant-Based Collagen with Hyaluronic Acid and Biotin - Tahitian Vanilla (17.6 oz. / 20 Servings),W4-2306/2177749,30.39,1.51,SunWarrior,3.4,8.0,4.0,2.0,Plant Based
99,Vegan Plant-Based Protein - Chocolate (2 Lbs. / 30 Servings),WBE0014/2196913,44.99,1.49,Women's Best,4.4,9.0,6.0,1.0,Plant Based
100,Planta Plant Protein - Sprinkle Cupcake (1.76 Lbs. / 25 Servings),AMC0002/2205375,49.99,1.99,Ambrosia Collective,3.6,5.0,1.0,3.0,Plant Based
101,Warrior Blend Organic Non-GMO Plant-Based Vegan Protein - Chocolate (15 Servings),W4-1043/2123826,19.19,1.27,SunWarrior,3.9,7.0,3.0,1.0,Plant Based
102,Raw Organic Plant Protein - Unflavored (20 oz. / 20 Servings),GU-7020/1747971,35.99,1.79,Garden of Life,4.4,114.0,31.0,15.0,Plant Based
103,Raw Meal Organic Shake & Meal Replacement - Original (32 oz. / 28 Servings),GU-7019/1747963,45.49,1.62,Garden of Life,4.2,83.0,29.0,8.0,Plant Based
104,Keto Friendly Plant-Based Collagen with Hyaluronic Acid and Biotin - Chocolate Fudge (17.6 oz. / 20 Servings),W4-2305/2177731,30.39,1.51,SunWarrior,4.0,4.0,2.0,,Plant Based
105,100% Plant-Based Non-GMO Protein - Smooth Vanilla (14 Servings),OWY1004/2151413,27.99,1.99,Only What You Need Inc.,3.9,8.0,3.0,3.0,Plant Based
106,Plant Protein with Raw Protein Blend - Vanilla (16 Servings),VS-3320/2000321,19.99,1.24,plnt,3.6,29.0,19.0,9.0,Plant Based
107,Organic Plant-Based Protein - Peanut Butter (20 Servings),O4-1051/2118685,36.99,1.84,Orgain,4.7,10.0,6.0,1.0,Plant Based
108,Raw Organic Plant Protein Greens - Vanilla (19.3 oz. / 20 Servings),GU-1270/2058089,33.59,1.67,Garden of Life,4.7,41.0,6.0,2.0,Plant Based
109,Organic Non-GMO All-In-One Plant Based Shake - French Vanilla (18 Servings),EQ-3090/2153583,49.26,2.73,Vega,4.0,4.0,2.0,,Plant Based
110,Organic Plant-Based Protein & Greens- Vanilla (20 Servings),O4-1054/2151579,36.99,2.05,Orgain,4.8,4.0,2.0,,Plant Based
111,Raw Organic Plant Protein Greens - Chocolate Cacao (21.6 oz. / 20 Servings),GU-1271/2058097,33.59,1.67,Garden of Life,4.9,33.0,3.0,,Plant Based
112,Spiru-Tein Soy Protein with Spirulina - Strawberry (32 Servings),NT-1732/1237248,39.27,1.22,Natures Plus,4.3,33.0,18.0,1.0,Plant Based
113,Organic Vegan Hemp Protein - Natural (15 Servings),VS-3324/2062966,15.99,1.06,plnt,3.3,6.0,4.0,,Plant Based
114,Complete Plant Protein - Vanilla Bean (15 Servings),A9-1005/1766443,27.99,1.86,PlantFusion,4.1,16.0,12.0,1.0,Plant Based
115,Plant Protein with Raw Protein Blend - Chocolate (16 Servings),VS-3321/2000347,19.99,1.24,plnt,3.4,14.0,8.0,6.0,Plant Based
116,Source of Life Vegetarian Energy Shake with Whole Food Concentrates - Creamy Granola (13 Servings),NT-1778/1238100,27.99,2.15,Natures Plus,5.0,7.0,7.0,,Plant Based
117,Raw Organic Plant Protein - Vanilla Chai (1 Lb. 4.5 oz. / 20 Servings),GU-1173/1958123,35.99,1.79,Garden of Life,4.6,24.0,4.0,1.0,Plant Based
118,Raw Rice Protein - Vanilla (40 Servings),NQ-2039/1288633,22.99,0.57,Nutribiotic,3.5,22.0,8.0,2.0,Plant Based
119,Raw Rice Protein - Vanilla (90 Servings),NQ-7079/1549211,46.99,0.52,Nutribiotic,4.2,44.0,25.0,8.0,Plant Based
120,Plant Protein with Raw Protein Blend - Chocolate (32 Servings),VS-3401/2022523,30.39,0.94,plnt,3.9,27.0,16.0,7.0,Plant Based
121,Sport Premium Plant Based Protein Helps Build Muscle & Supports Recovery - Mocha (1.13 Lbs. / 20 Servings),EQ-1144/2057925,44.99,2.36,Vega,4.5,232.0,30.0,3.0,Plant Based
122,Complete Plant Protein - Chocolate (15 Servings),A9-1006/1766468,27.99,1.86,PlantFusion,4.8,113.0,9.0,1.0,Plant Based
123,Raw Vegan Plant-Based Meal Replacement - Vanilla (15 Servings),G0-1023/2017671,37.99,2.53,Genceutic Naturals,4.0,16.0,10.0,4.0,Plant Based
124,Warrior Blend Organic Non-GMO Plant-Based Vegan Protein - Vanilla (30 Servings),W4-1040/2123651,31.99,1.06,SunWarrior,4.0,34.0,20.0,7.0,Natural
125,Raw Meal Organic Shake & Meal Replacement - Vanilla (34.2 oz. / 28 Servings),GU-7028/1799022,45.49,1.62,Garden of Life,4.6,140.0,57.0,8.0,Natural
126,Raw Organic Plant Protein - Vanilla (22 oz. / 20 Servings),GU-7030/1799055,35.99,1.79,Garden of Life,4.5,132.0,46.0,10.0,Natural
127,Vegan Plant-Based Protein - Vanilla (2 Lbs. / 30 Servings),WBE0012/2196897,44.99,1.49,Women's Best,3.8,12.0,6.0,3.0,Natural
128,So Lean & So Clean Organic Plant-Based Superfood Protein - Chocolate (20 Servings),OOC1007/2157527,30.39,1.51,Ora Organic,4.8,1278.0,5.0,,Natural
129,Sport Organic Plant Based Protein - Chocolate (1 Lbs. 14 oz. / 38 Servings),GU-1334/2103075,39.89,1.04,Garden of Life,4.7,50.0,12.0,2.0,Natural
130,So Lean & So Clean Organic Plant-Based Superfood Protein - Vanilla (20 Servings),OOC1006/2157519,30.39,1.51,Ora Organic,4.2,33.0,4.0,1.0,Natural
131,Warrior Blend Organic Non-GMO Plant-Based Vegan Protein- Natural (30 Servings),W4-1042/2123677,31.99,1.06,SunWarrior,4.5,15.0,10.0,2.0,Natural
132,Sport Premium Plant Based Protein Helps Build Muscle & Supports Recovery - Vanilla (1.13 Lbs. / 20 Servings),EQ-1142/2057909,44.99,2.24,Vega,3.7,21.0,12.0,7.0,Natural
133,Raw Organic Plant Protein - Chocolate (1 Lb. 7.28 oz. / 20 Servings),GU-7031/1799063,35.99,1.79,Garden of Life,4.2,97.0,28.0,17.0,Natural
134,Warrior Blend Organic Non-GMO Plant-Based Vegan Protein - Vanilla (15 Servings),W4-1044/2123867,19.19,1.27,SunWarrior,4.9,7.0,4.0,,Natural
135,Sport Premium Plant Based Protein Helps Build Muscle & Supports Recovery - Chocolate (1.14 Lbs. / 20 Servings),EQ-1143/2057917,44.99,2.36,Vega,4.2,18.0,12.0,3.0,Natural
136,Vegan Plant-Based Protein - Chocolate (2 Lbs. / 30 Servings),WBE0014/2196913,44.99,1.49,Women's Best,4.4,9.0,6.0,1.0,Natural
137,Planta Plant Protein - Peanut Butter Cup (1.72 Lbs. / 25 Servings),AMC0003/2205383,49.99,1.99,Ambrosia Collective,3.0,5.0,3.0,2.0,Natural
138,100% Plant-Based Non-GMO Protein - Dark Chocolate (14 Servings),OWY1005/2151421,27.99,1.99,Only What You Need Inc.,4.2,5.0,4.0,,Natural
139,Whey Protein Isolate - Unflavored (1.5 Lbs. / 22 Servings),VS-0168/2119261,27.99,1.27,BodyTech,4.2,5.0,4.0,1.0,Natural
140,Natural Whey Protein NSF Certified - Unflavored (24 Servings),VS-6003/2000511,15.99,0.66,True Athlete,3.7,9.0,6.0,2.0,Natural
141,Natural Whey Protein NSF Certified - Vanilla (40 Servings),VS-6005/1774421,23.99,0.61,True Athlete,3.9,36.0,20.0,5.0,Natural
142,Bone Broth Protein - Vanilla (20 Servings),GRL1017/2094746,46.79,2.33,Ancient Nutrition,4.5,78.0,6.0,1.0,Natural
143,Keto Friendly Plant-Based Collagen with Hyaluronic Acid and Biotin - Chocolate Fudge (17.6 oz. / 20 Servings),W4-2305/2177731,30.39,1.51,SunWarrior,4.0,4.0,2.0,,Natural
144,Egg White Protein - Vanilla (12 Servings),J1-1006/1641653,29.99,2.49,Jay Robb Enterprises,4.8,11.0,9.0,,Natural
145,Plant Protein with Raw Protein Blend - Vanilla (16 Servings),VS-3320/2000321,19.99,1.24,plnt,3.6,29.0,19.0,9.0,Natural
146,Raw Organic Plant Protein Greens - Vanilla (19.3 oz. / 20 Servings),GU-1270/2058089,33.59,1.67,Garden of Life,4.7,41.0,6.0,2.0,Natural
147,Spiru-Tein Soy Protein with Spirulina - Strawberry (32 Servings),NT-1732/1237248,39.27,1.22,Natures Plus,4.3,33.0,18.0,1.0,Natural
148,Organic Vegan Hemp Protein - Natural (15 Servings),VS-3324/2062966,15.99,1.06,plnt,3.3,6.0,4.0,,Natural
149,Complete Plant Protein - Vanilla Bean (15 Servings),A9-1005/1766443,27.99,1.86,PlantFusion,4.1,16.0,12.0,1.0,Natural
150,Whey Protein Isolate - Vanilla (76 Servings),J1-1010/1652999,129.99,1.71,Jay Robb Enterprises,4.6,12.0,8.0,,Natural
151,Gold Standard 100% Plant-Based Protein - Vanilla (1.51 Lbs. / 19 Servings),OP-2230/2136372,37.99,1.99,Optimum Nutrition,3.2,9.0,6.0,3.0,Natural
152,Natural Whey Protein NSF Certified - Chocolate (22 Servings),VS-6006/1774397,15.99,0.72,True Athlete,4.2,11.0,8.0,3.0,Natural
153,Natural Whey Protein NSF Certified - Strawberry (24 Servings),VS-6008/2000396,15.99,0.66,True Athlete,3.3,9.0,4.0,3.0,Natural
154,Meal Replacement Plant Protein - Chocolate (14 Servings),VS-3323/2022549,22.39,1.59,plnt,4.5,11.0,7.0,1.0,Natural
155,Meal Replacement Plant Protein - Vanilla (14 Servings),VS-3322/2022598,22.39,1.59,plnt,3.8,15.0,10.0,4.0,Natural
156,Raw Rice Protein - Chocolate (40 Servings),NQ-2046/1319052,22.99,0.57,Nutribiotic,3.8,12.0,2.0,2.0,Natural
157,Plant Protein with Raw Protein Blend - Vanilla (32 Servings),VS-3400/2022531,30.39,0.94,plnt,3.9,42.0,28.0,7.0,Natural
158,Planta Plant Protein - Peanut Butter Banana (1.71 Lbs. / 25 Servings),AMC0001/2205367,49.99,1.99,Ambrosia Collective,4.4,5.0,3.0,,Natural
159,Bone Broth Protein - Chocolate (20 Servings),GRL1019/2094886,46.79,2.33,Ancient Nutrition,4.7,75.0,17.0,3.0,Natural
160,Egg White Protein - Vanilla (21 Servings),J1-1023/1653161,47.99,2.28,Jay Robb Enterprises,4.1,16.0,10.0,2.0,Natural
161,Egg White Protein - Unflavored (21 Servings),J1-1026/1653195,47.99,2.28,Jay Robb Enterprises,3.9,15.0,8.0,1.0,Natural
162,Plant Protein with Raw Protein Blend - Chocolate (32 Servings),VS-3401/2022523,30.39,0.94,plnt,3.9,27.0,16.0,7.0,Natural
163,100% Egg Protein - Vanilla Ice Cream (32 Servings),HL-1004/1200403,59.99,1.87,Healthy N Fit Nutritionals,4.0,39.0,23.0,5.0,Natural
164,Raw Vegan Plant-Based Meal Replacement - Vanilla (15 Servings),G0-1023/2017671,37.99,2.53,Genceutic Naturals,4.0,16.0,10.0,4.0,Natural
165,Micellar Casein Slow Release & Anti-Catabolic protein - Rich Chocolate (1.85 Lbs. / 26 Servings),VS-2260/1735703,27.99,1.07,BodyTech,3.4,61.0,29.0,14.0,Casein
166,Micellar Casein Slow Release & Anti-Catabolic protein - French Vanilla (1.85 Lbs. / 27 Servings),VS-2259/1735679,27.99,1.03,BodyTech,3.8,35.0,17.0,1.0,Casein
167,Elite Casein 100% Micellar Casein Protein - Rich Chocolate (2 Lbs. / 25 Servings),D4-1118/1986876,33.59,1.34,Dymatize Nutrition,3.9,8.0,4.0,2.0,Casein
168,Micellar Casein Slow Release protein - Cookies & Cream (1.83 oz. / 27 Servings),VS-2272/1989821,27.99,1.03,BodyTech,2.6,8.0,3.0,3.0,Casein
169,Elite Casein 100% Micellar Casein Protein - Smooth Vanilla (2 Lbs. / 25 Servings),D4-1117/1986868,33.59,1.24,Dymatize Nutrition,4.4,5.0,2.0,1.0,Casein
170,Kasein Micellar Casein Isolate - Vanilla Shake (2 lbs/ 27 servings),KGM1157/2194363,34.99,1.29,Kaged Muscle,4.9,35.0,18.0,1.0,Casein
171,Gold Standard 100% Premium Micellar Casein Protein - Chocolate Supreme (2 Lbs. / 26 Servings),OP-2036/1619733,39.19,1.5,Optimum Nutrition,4.5,92.0,40.0,2.0,Casein
172,Micellar Casein Slow Release & Anti-Catabolic protein - Rich Chocolate (3.7 Lbs. / 52 Servings),VS-2267/1989714,44.99,0.86,BodyTech,3.7,7.0,3.0,3.0,Casein
173,Select Whey & Casein Protein Blend Isolate - Gourmet Vanilla (27 Servings),PES1012/2058139,34.99,1.29,PEScience,4.9,10.0,8.0,,Other
174,Select Whey & Casein Protein Blend Isolate - Chocolate Cupcake (27 Servings),PES1029/2089845,34.99,1.29,PEScience,4.8,5.0,4.0,,Other
175,Raw Organic Fit Protein - Vanilla (2 Lbs. / 20 Servings),GU-1283/2102911,43.39,2.16,Garden of Life,4.5,59.0,9.0,5.0,Other
176,100% Natural Whey Protein Isolate - Unflavored (47 Servings),NP-1184/1735158,39.99,0.85,Isopure,4.3,72.0,44.0,8.0,Other
177,Quest Protein Powder with 22 grams of Protein - Chocolate Milkshake (1.6 Lbs. / 24 Servings),QC-1119/2176097,29.99,1.24,Quest Nutrition,4.8,5.0,4.0,,Other
178,Serious Mass High-Protein Weight Gain Powder - Vanilla (6 Lbs. / 8 Servings),OP-7141/1483585,35.35,4.41,Optimum Nutrition,4.1,16.0,7.0,2.0,Other
179,MRE Lite Real Whole Food Meal Replacement - Banana Nut Blend (30 Servings),RDC024/2155349,44.99,1.49,RedCon1,5.0,10.0,7.0,,Other
180,Prime Mass High Protein Weight Gainer Powder - Chocolate (12 Lbs. / 17 Servings),VS-2255/2085843,49.99,2.94,BodyTech,4.4,11.0,8.0,1.0,Other
181,Collagen Fuel Collagen Peptide Drink Mix - Vanilla Coconut (24 Servings),PRN1005/2161883,30.99,1.29,"Primal Nutrition, Inc",4.8,8.0,5.0,1.0,Other
182,Raw Organic Fit Protein - Chocolate (2 Lbs. / 20 Servings),GU-1284/2102929,43.39,2.16,Garden of Life,4.8,38.0,9.0,1.0,Other
183,Syntha-6 Ultra Premium Protein Matrix - Vanilla Ice Cream (48 Servings),IP-1061/1724772,49.99,1.04,BSN,4.7,53.0,33.0,3.0,Other
184,Quest Protein Powder with 20 grams of Protein - Cinnamon Crunch (1.6 Lbs. / 24 Servings),QC-1117/2176071,29.99,1.24,Quest Nutrition,4.4,9.0,5.0,,Other
185,Prime Mass High Protein Weight Gainer Powder - Vanilla (12 Lbs. / 17 Servings),VS-2254/2085835,49.99,2.94,BodyTech,4.2,9.0,7.0,1.0,Other
186,Clean Gainer Protein Blend - Chocolate Fudge (16 Servings),RVL1001/2076255,36.7,2.29,Rivalus,4.7,17.0,15.0,,Other
187,Quest Protein Powder with 24 grams of Protein - Vanilla Milkshake (1.6 Lbs. / 23 Servings),QC-1116/2176055,29.99,1.3,Quest Nutrition,3.8,5.0,2.0,2.0,Other
188,Keto Meal Replacement - Double Chocolate Milkshake (14 Servings),NFL1003/2168904,37.99,2.71,Nature Fuel,4.7,16.0,11.0,1.0,Other
189,Original Lean 1 Fat Burning Protein Shake - Vanilla (1.7 Lbs. / 15 Servings),0N-1026/1924679,36.04,2.4,Nutrition 53,4.8,17.0,16.0,1.0,Other
190,Quest Protein Powder with 26 grams of Protein - Salted Caramel (1.6 Lbs. / 21 Servings),QC-1115/2176022,29.99,1.42,Quest Nutrition,5.0,6.0,4.0,,Other
191,Syntha-6 Ultra Premium Protein Matrix - Chocolate Milkshake (48 Servings),IP-1062/1724780,49.99,1.04,BSN,4.5,85.0,33.0,4.0,Other
192,Syntha-6 Edge Performance Series Protein - Vanilla Milkshake (28 Servings),IP-2038/2063899,29.99,1.07,BSN,5.0,8.0,4.0,,Other
193,Select Whey & Casein Protein Blend Isolate - Peanut Butter Cup (55 Servings),PES1032/2089886,54.99,0.99,PEScience,5.0,4.0,3.0,,Other
194,Collagen Fuel Collagen Peptide Drink Mix - Chocolate Coconut (24 Servings),PRN1006/2161891,30.99,1.29,"Primal Nutrition, Inc",4.6,7.0,6.0,,Other
195,Serious Mass High-Protein Weight Gain Powder - Chocolate Peanut Butter (12 Lbs. / 16 Servings),OP-1150/2009579,51.99,3.24,Optimum Nutrition,4.9,7.0,7.0,,Other
196,Carnivor Mass Anabolic Beef Protein Isolate Gainer- Chocolate Fudge (12 Servings),IM-1020/1958768,46.58,3.88,MuscleMeds,4.7,7.0,6.0,,Other
197,Quest Multi-Purpose Mix Powder with 23 grams of Protein (1.6 Lbs. / 26 Servings),QC-1121/2176139,29.99,1.15,Quest Nutrition,4.8,5.0,3.0,,Other
198,Original Lean 1 Fat Burning Protein Shake - Chocolate (2 Lbs. / 15 Servings),0N-1003/1758838,36.04,2.4,Nutrition 53,4.9,26.0,21.0,1.0,Other
199,Lean Body Meal Replacement - Vanilla (16 Servings),ZF-2092/1773506,37.99,2.37,Labrada Nutrition,5.0,5.0,4.0,,Other
200,Syntha-6 Ultra Premium Protein Matrix - Strawberry Milkshake (28 Servings),IP-1024/1644418,31.19,1.11,BSN,4.8,13.0,7.0,,Other
201,Syntha-6 Ultra Premium Protein Matrix - Vanilla Ice Cream (28 Servings),IP-1023/1644400,31.19,1.11,BSN,4.8,27.0,12.0,1.0,Other
202,Raw Organic Fit - Chocolate (1 Lb. / 10 Servings),GU-1254/2015162,37.99,3.79,Garden of Life,4.3,57.0,12.0,6.0,Other
203,Native Fuel Whey Protein Blend - Chocolate (54 Servings),ACP0006/2133478,64.99,1.2,Ascent Protein,5.0,6.0,5.0,,Other
204,Whey Protein Isolate - Chocolate (23 Servings),J1-1002/1641612,45.99,1.99,Jay Robb Enterprises,4.2,33.0,21.0,3.0,Other
205,Native Fuel Whey Protein Blend - Vanilla Bean (29 Servings),ACP0001/2125862,39.99,1.37,Ascent Protein,5.0,5.0,4.0,,Other
206,Native Fuel Whey Protein Blend - Chocolate Peanut Butter (27 Servings),ACP-008/2171817,39.99,1.48,Ascent Protein,5.0,8.0,5.0,,Other
207,Grass-Fed Collagen Peptides - Unflavored (41 Servings),NFL1007/2168946,29.99,0.73,Nature Fuel,3.8,8.0,5.0,3.0,Other
208,Clean Gainer Protein Blend - Creamy Vanilla (17 Servings),RVL1002/2076263,36.7,2.15,Rivalus,4.6,5.0,3.0,1.0,Other
209,MRE Lite Real Whole Food Meal Replacement - Blueberry Cobbler (30 Servings),RDC023/2155323,44.99,1.49,RedCon1,4.3,9.0,6.0,1.0,Other
210,Lean Body Meal Replacement - Chocolate (16 Servings),ZF-2093/1773514,37.99,2.37,Labrada Nutrition,4.5,8.0,5.0,1.0,Other
211,Hexatein-SR Staged Release 6-Protein Blend - Rich Chocolate (5.11 Lbs. / 58 Servings),VS-2758/2023158,47.99,0.82,BodyTech Elite,4.7,9.0,9.0,,Other
212,Keto Meal Replacement - Creamy Vanilla Milkshake (14 Servings),NFL1002/2168896,37.99,2.71,Nature Fuel,3.6,5.0,3.0,,Other
213,Syntha-6 Ultra Premium Protein Matrix - Chocolate Peanut Butter (48 Servings),IP-1133/1890987,49.99,1.04,BSN,4.7,11.0,8.0,1.0,Other
214,Syntha-6 Protein Powder - Birthday Cake Remix (2.59 Lbs. / 25 Servings),IP-2074/2154102,29.99,1.19,BSN,3.7,9.0,5.0,,Other
215,Syntha-6 Ultra Premium Protein Matrix - Chocolate Milkshake (28 Servings),IP-1022/1644392,31.19,1.11,BSN,4.7,20.0,11.0,,Other
216,Protein Shake - French Vanilla (2.58 Lbs. / 30 Servings),VS-3743/2187581,39.99,1.33,fitfactor,5.0,5.0,5.0,,Other
217,Mass Tech Mass Gainer - Milk Chocolate (13 Servings),ME-2181/1799709,49.99,3.57,Muscletech,3.8,4.0,1.0,1.0,Other
218,True-Mass Ultra Premium Mass Gainer - Chocolate Milkshake (16 Servings),IP-1015/1640606,54.28,3.39,BSN,3.4,5.0,,1.0,Other
219,Mass Tech Mass Gainer - Vanilla (13 Servings),ME-2180/1799691,49.99,3.57,Muscletech,4.0,6.0,4.0,2.0,Other
220,Lean Body Meal Replacement - Strawberry (16 Servings),ZF-2094/1773522,37.99,2.37,Labrada Nutrition,5.0,5.0,3.0,,Other
221,Elite 100% Whey Protein - Gourmet Vanilla (2 Lbs. / 27 Servings),D4-1020/1678234,29.99,1.11,Dymatize Nutrition,3.9,22.0,9.0,4.0,Other
222,Native Fuel Micellar Casein - Chocolate (2 Lbs. / 25 Servings),ACP0004/2132207,39.99,1.37,Ascent Protein,4.8,13.0,10.0,,Other
223,Elite XT Multi-Source Protein Blend - Rich Vanilla (4 Lbs. / 52 Servings),D4-1125/2120723,39.99,0.76,Dymatize Nutrition,5.0,4.0,3.0,,Other
224,Elite XT Multi-Source Protein Blend - Rich Chocolate (4 Lbs. / 52 Servings),D4-1155/2120731,39.99,0.76,Dymatize Nutrition,3.3,4.0,2.0,1.0,Other
225,Lean 1 - CHOCOLATE PEANUT BUTTER (2 Pound Powder),0N-1008/2016772,36.04,2.4,Nutrition 53,3.6,11.0,8.0,,Other
226,Fit & Lean Fat Burning Meal Replacement - Chocolate Milkshake (10 Servings),WT-1206/2099463,32.99,3.29,MHP,2.8,4.0,1.0,2.0,Other
227,Grass-Fed Whey Protein - Vanilla (20 Servings),O4-1026/2063865,32.99,1.64,Orgain,4.8,4.0,4.0,,Other
228,Protein Shake - French Vanilla (1.38 Lbs. / 16 Servings),VS-3744/2187599,27.99,1.74,fitfactor,2.8,4.0,2.0,2.0,Other
229,Dr. Formulated Keto Meal Balanced Shake - Vanilla (1 Lb. 7.70 oz. / 14 Servings),GU-1575/2168839,50.49,3.6,Garden of Life,4.9,22.0,1.0,,Other
230,Hexatein-SR Staged-Release 6-Protein Blend - Rich Chocolate (3 Lbs. / 34 Servings),VS-2617/2022432,28.99,0.85,BodyTech Elite,4.1,14.0,10.0,3.0,Other
231,Lean Gainz Reloaded - Chocolate Brownie (16 Servings),U3-2824/2107506,41.99,2.62,Betancourt Nutrition,3.3,6.0,4.0,2.0,Other
232,Promasil Elite Multi-Source Whey Protein Isolate - Soft-Serve Vanilla (78 Servings),RVL1009/2076768,54.99,0.7,Rivalus,5.0,4.0,3.0,,Other
233,Quest Protein Powder - Vanilla Milkshake (3 Lbs. / 43 Servings),QC-1112/2176014,39.19,0.91,Quest Nutrition,5.0,7.0,3.0,,Other
234,Super Mass Gainer High Protein & Carb Blend - Rich Chocolate (12 Lbs. / 16 Servings),D4-1145/2072643,49.99,3.12,Dymatize Nutrition,4.8,4.0,3.0,,Other
235,Gold Standard 100% Whey Protein Naturally Flavored - Vanilla (4.8 Lbs. / 68 Servings),OP-1109/2023513,57.59,0.84,Optimum Nutrition,4.3,17.0,10.0,3.0,Other
236,Super Mass Gainer - Rich Chocolate (6 Pound Powder),D4-1115/1986793,29.99,3.74,Dymatize Nutrition,4.4,11.0,6.0,1.0,Other
237,MRE Lite Real Whole Food Meal Replacement - Dutch Apple Pie (30 Servings),RDC022/2155315,44.99,1.49,RedCon1,4.8,6.0,2.0,,Other
238,100% Whey Protein Isolate - Natural Vanilla Flavor (22 Servings),NP-7131/1747948,39.99,1.81,Isopure,4.6,10.0,6.0,1.0,Other
239,Pro Pudding Protein - Chocolate (12 - 1.3 oz. Packets),VS-2010/1989755,20.97,1.74,BodyTech,4.3,9.0,7.0,1.0,Other
240,Collagen Whey Protein - Vanilla & Coconut Water (16 Servings),VTP007/2118859,24.98,1.56,Vital Proteins,4.7,61.0,,1.0,Other
241,100% Keto Food Ketogenic Meal Replacement Shake - Vanilla Caramel (14 Servings),FR-1056/2173813,26.22,1.87,FINAFLEX,3.2,5.0,3.0,2.0,Other
